,URL,title,a,img,p,hi,html_text
0,juhanurmihxlp77nkq76byazcldy2hlmovfu2epvl5ankdibsot4csyd.onion,"
    Ahmia —
      Search Tor Hidden Services
    
  ","['/about/', '/stats/', '/add/', '/i2p/', '/blacklist/', '/legal/', 'https://www.torproject.org/projects/torbrowser.html', '\n             /blacklist/', '/documentation/indexing/\n             ', 'https://github.com/ahmia/ahmia-site', 'https://donate.torproject.org/pdr', 'http://juhanurmihxlp77nkq76byazcldy2hlmovfu2epvl5ankdibsot4csyd.onion/']",['/static/images/ahmiafi_black.png'],"['\n        Unfortunately we have not deployd non-JavaScript version of Ahmia yet.\n      ', '\n        \n          Ahmia searches hidden services on the Tor network. To access these\n          hidden services, you need the\n          \n            Tor browser bundle.\n          Abuse material is not allowed on Ahmia. See our\n          service blacklist\n          \n          and report abuse material if you find it in the index. It will\n          be removed as soon as possible.\n        \n      ', '\n        \n          For more about Ahmia, see\n          indexing information\n          ,\n          contribute to the source code.\n           The Tor Project\n Onion service:\n          juhanurmihxlp77nkq76byazcldy2hlmovfu2epvl5ankdibsot4csyd.onion\n']",['Ahmia'],"



    Ahmia —
      Search Tor Hidden Services
    
  












 





        Unfortunately we have not deployd non-JavaScript version of Ahmia yet.
      





                 About Ahmia
            



Statistics
            


Add Service
            


i2p search
            




Blacklist
            


Contact







Ahmia







        
          Ahmia searches hidden services on the Tor network. To access these
          hidden services, you need the
          
            Tor browser bundle.
          Abuse material is not allowed on Ahmia. See our
          service blacklist
          
          and report abuse material if you find it in the index. It will
          be removed as soon as possible.
        
      

        
          For more about Ahmia, see
          indexing information
          ,
          contribute to the source code.
           The Tor Project
 Onion service:
          juhanurmihxlp77nkq76byazcldy2hlmovfu2epvl5ankdibsot4csyd.onion




      A man-in-the-middle fake clone detected! 
      Warning! 
      Right onion address starts with msydq and ends with zerdg.onion. 
      Find real address from ahmia.fi
    







"
